case,unit_price,quantity,expected_total,expected_status,note
single unit,25.00,1,25.00,201,the simplest case
whole number,10.00,7,70.00,201,no rounding involved
cents multiply cleanly,1.50,4,6.00,201,
classic float trap,0.10,3,0.30,201,0.1*3 is 0.30000000000000004 in binary floating point
another float trap,0.07,3,0.21,201,
large quantity,2.50,99,247.50,201,the maximum quantity the API accepts
smallest price,0.01,1,0.01,201,
quantity zero,10.00,0,,422,quantity must be at least one
quantity negative,10.00,-1,,422,
quantity over the cap,10.00,100,,422,99 is the documented maximum
